[
	{
		"inputs": [
			{
				"internalType": "string",
				"name": "title",
				"type": "string"
			},
			{
				"internalType": "string",
				"name": "description",
				"type": "string"
			},
			{
				"internalType": "string",
				"name": "videoUrl",
				"type": "string"
			},
			{
				"internalType": "string",
				"name": "imageUrl",
				"type": "string"
			}
		],
		"name": "addCampaign",
		"outputs": [],
		"stateMutability": "nonpayable",
		"type": "function"
	},
	{
		"inputs": [
			{
				"internalType": "uint256",
				"name": "id",
				"type": "uint256"
			}
		],
		"name": "donate",
		"outputs": [],
		"stateMutability": "payable",
		"type": "function"
	},
	{
		"inputs": [
			{
				"internalType": "uint256",
				"name": "id",
				"type": "uint256"
			}
		],
		"name": "withdraw",
		"outputs": [],
		"stateMutability": "nonpayable",
		"type": "function"
	},
	{
		"inputs": [
			{
				"internalType": "uint256",
				"name": "",
				"type": "uint256"
			}
		],
		"name": "campaigns",
		"outputs": [
			{
				"internalType": "address",
				"name": "author",
				"type": "address"
			},
			{
				"internalType": "string",
				"name": "title",
				"type": "string"
			},
			{
				"internalType": "string",
				"name": "description",
				"type": "string"
			},
			{
				"internalType": "string",
				"name": "videoUrl",
				"type": "string"
			},
			{
				"internalType": "string",
				"name": "imageUrl",
				"type": "string"
			},
			{
				"internalType": "uint256",
				"name": "balance",
				"type": "uint256"
			},
			{
				"internalType": "bool",
				"name": "active",
				"type": "bool"
			}
		],
		"stateMutability": "view",
		"type": "function"
	},
	{
		"inputs": [],
		"name": "fee",
		"outputs": [
			{
				"internalType": "uint256",
				"name": "",
				"type": "uint256"
			}
		],
		"stateMutability": "view",
		"type": "function"
	},
	{
		"inputs": [],
		"name": "nextId",
		"outputs": [
			{
				"internalType": "uint256",
				"name": "",
				"type": "uint256"
			}
		],
		"stateMutability": "view",
		"type": "function"
	}
]