[{"inputs":[],"name":"PAGE_SIZE","outputs":[{"internalType":"uint256","name":"","type":"uint256"}],"stateMutability":"view","type":"function"},{"inputs":[{"internalType":"string","name":"text","type":"string"}],"name":"addTweet","outputs":[],"stateMutability":"nonpayable","type":"function"},{"inputs":[{"internalType":"string","name":"newName","type":"string"}],"name":"changeUsername","outputs":[],"stateMutability":"nonpayable","type":"function"},{"inputs":[{"internalType":"uint256","name":"page","type":"uint256"}],"name":"getLastTweets","outputs":[{"components":[{"internalType":"address","name":"author","type":"address"},{"internalType":"string","name":"text","type":"string"},{"internalType":"uint256","name":"timestamp","type":"uint256"},{"internalType":"string","name":"username","type":"string"}],"internalType":"struct Tweet[]","name":"","type":"tuple[]"}],"stateMutability":"view","type":"function"},{"inputs":[],"name":"nextId","outputs":[{"internalType":"uint256","name":"","type":"uint256"}],"stateMutability":"view","type":"function"},{"inputs":[{"internalType":"uint256","name":"","type":"uint256"}],"name":"tweets","outputs":[{"internalType":"address","name":"author","type":"address"},{"internalType":"string","name":"text","type":"string"},{"internalType":"uint256","name":"timestamp","type":"uint256"},{"internalType":"string","name":"username","type":"string"}],"stateMutability":"view","type":"function"},{"inputs":[{"internalType":"address","name":"","type":"address"}],"name":"users","outputs":[{"internalType":"string","name":"","type":"string"}],"stateMutability":"view","type":"function"}]
